Dummy commit at Wed Apr 23 06:50:00 UTC 2025
Dummy commit at Wed Apr 23 06:53:34 UTC 2025
Dummy commit at Wed Apr 23 16:45:37 UTC 2025
Dummy commit at Thu Apr 24 16:43:26 UTC 2025
Dummy commit at Fri Apr 25 16:42:49 UTC 2025
Dummy commit at Sat Apr 26 16:39:02 UTC 2025
Dummy commit at Sun Apr 27 16:39:38 UTC 2025
Dummy commit at Mon Apr 28 16:42:14 UTC 2025
Dummy commit at Tue Apr 29 16:43:10 UTC 2025
Dummy commit at Wed Apr 30 16:43:38 UTC 2025
Dummy commit at Thu May  1 16:43:14 UTC 2025
Dummy commit at Fri May  2 16:43:09 UTC 2025
Dummy commit at Sat May  3 16:40:14 UTC 2025
Dummy commit at Sun May  4 16:40:23 UTC 2025
Dummy commit at Mon May  5 16:43:55 UTC 2025
Dummy commit at Tue May  6 16:42:52 UTC 2025
Dummy commit at Wed May  7 16:45:07 UTC 2025
Dummy commit at Thu May  8 16:44:47 UTC 2025
Dummy commit at Fri May  9 16:41:36 UTC 2025
Dummy commit at Sat May 10 16:41:45 UTC 2025
Dummy commit at Sun May 11 16:40:44 UTC 2025
Dummy commit at Mon May 12 16:44:52 UTC 2025
Dummy commit at Tue May 13 16:44:51 UTC 2025
Dummy commit at Wed May 14 16:44:07 UTC 2025
Dummy commit at Thu May 15 16:44:41 UTC 2025
Dummy commit at Fri May 16 16:43:16 UTC 2025
Dummy commit at Sat May 17 16:41:31 UTC 2025
Dummy commit at Sun May 18 16:40:25 UTC 2025
Dummy commit at Mon May 19 16:44:46 UTC 2025
Dummy commit at Tue May 20 16:44:12 UTC 2025
Dummy commit at Wed May 21 16:44:52 UTC 2025
Dummy commit at Thu May 22 16:44:16 UTC 2025
Dummy commit at Fri May 23 16:42:58 UTC 2025
Dummy commit at Sat May 24 16:40:34 UTC 2025
Dummy commit at Sun May 25 16:42:19 UTC 2025
Dummy commit at Mon May 26 16:43:34 UTC 2025
Dummy commit at Tue May 27 16:45:01 UTC 2025
Dummy commit at Wed May 28 16:44:01 UTC 2025
Dummy commit at Thu May 29 16:44:48 UTC 2025
Dummy commit at Fri May 30 16:44:02 UTC 2025
Dummy commit at Sat May 31 16:42:58 UTC 2025
Dummy commit at Sun Jun  1 16:42:38 UTC 2025
Dummy commit at Mon Jun  2 16:46:42 UTC 2025
Dummy commit at Tue Jun  3 16:47:00 UTC 2025
Dummy commit at Wed Jun  4 16:42:21 UTC 2025
Dummy commit at Thu Jun  5 16:44:11 UTC 2025
Dummy commit at Fri Jun  6 16:45:04 UTC 2025
Dummy commit at Sat Jun  7 16:43:31 UTC 2025
Dummy commit at Sun Jun  8 16:42:03 UTC 2025
Dummy commit at Mon Jun  9 16:46:28 UTC 2025
Dummy commit at Tue Jun 10 16:45:07 UTC 2025
Dummy commit at Wed Jun 11 16:45:35 UTC 2025
Dummy commit at Thu Jun 12 16:45:14 UTC 2025
Dummy commit at Fri Jun 13 16:44:49 UTC 2025
Dummy commit at Sat Jun 14 16:41:18 UTC 2025
Dummy commit at Sun Jun 15 16:42:54 UTC 2025
Dummy commit at Mon Jun 16 16:45:19 UTC 2025
Dummy commit at Tue Jun 17 16:46:38 UTC 2025
Dummy commit at Wed Jun 18 16:46:38 UTC 2025
Dummy commit at Thu Jun 19 16:44:34 UTC 2025
Dummy commit at Fri Jun 20 16:44:08 UTC 2025
Dummy commit at Sat Jun 21 16:43:15 UTC 2025
Dummy commit at Sun Jun 22 16:42:48 UTC 2025
Dummy commit at Mon Jun 23 16:46:18 UTC 2025
Dummy commit at Tue Jun 24 16:45:44 UTC 2025
Dummy commit at Wed Jun 25 16:46:35 UTC 2025
Dummy commit at Thu Jun 26 16:44:55 UTC 2025
Dummy commit at Fri Jun 27 16:43:22 UTC 2025
Dummy commit at Sat Jun 28 16:42:49 UTC 2025
Dummy commit at Sun Jun 29 16:43:09 UTC 2025
Dummy commit at Mon Jun 30 16:45:40 UTC 2025
Dummy commit at Tue Jul  1 16:46:25 UTC 2025
Dummy commit at Wed Jul  2 16:45:41 UTC 2025
Dummy commit at Thu Jul  3 16:45:39 UTC 2025
Dummy commit at Fri Jul  4 16:43:40 UTC 2025
Dummy commit at Sat Jul  5 16:42:28 UTC 2025
Dummy commit at Sun Jul  6 16:43:37 UTC 2025
Dummy commit at Mon Jul  7 16:45:59 UTC 2025
Dummy commit at Tue Jul  8 16:46:11 UTC 2025
Dummy commit at Wed Jul  9 16:46:36 UTC 2025
Dummy commit at Thu Jul 10 16:47:37 UTC 2025
Dummy commit at Fri Jul 11 16:45:40 UTC 2025
Dummy commit at Sat Jul 12 16:43:17 UTC 2025
Dummy commit at Sun Jul 13 16:43:10 UTC 2025
Dummy commit at Mon Jul 14 16:47:07 UTC 2025
Dummy commit at Tue Jul 15 16:47:19 UTC 2025
Dummy commit at Wed Jul 16 16:48:09 UTC 2025
Dummy commit at Thu Jul 17 16:47:27 UTC 2025
Dummy commit at Fri Jul 18 16:47:33 UTC 2025
Dummy commit at Sat Jul 19 16:46:10 UTC 2025
Dummy commit at Sun Jul 20 16:44:03 UTC 2025
Dummy commit at Mon Jul 21 16:48:39 UTC 2025
Dummy commit at Tue Jul 22 16:48:21 UTC 2025
Dummy commit at Wed Jul 23 16:48:51 UTC 2025
Dummy commit at Thu Jul 24 16:45:48 UTC 2025
Dummy commit at Fri Jul 25 16:46:46 UTC 2025
Dummy commit at Sat Jul 26 16:45:00 UTC 2025
Dummy commit at Sun Jul 27 16:44:12 UTC 2025
Dummy commit at Mon Jul 28 16:49:15 UTC 2025
Dummy commit at Tue Jul 29 16:49:29 UTC 2025
Dummy commit at Wed Jul 30 16:47:09 UTC 2025
Dummy commit at Thu Jul 31 16:48:13 UTC 2025
Dummy commit at Fri Aug  1 16:48:28 UTC 2025
Dummy commit at Sat Aug  2 16:45:45 UTC 2025
Dummy commit at Sun Aug  3 16:45:16 UTC 2025
Dummy commit at Mon Aug  4 16:50:35 UTC 2025
Dummy commit at Tue Aug  5 16:42:16 UTC 2025
Dummy commit at Wed Aug  6 16:48:33 UTC 2025
Dummy commit at Thu Aug  7 16:47:52 UTC 2025
Dummy commit at Fri Aug  8 16:43:47 UTC 2025
Dummy commit at Sat Aug  9 16:43:38 UTC 2025
Dummy commit at Sun Aug 10 16:43:46 UTC 2025
Dummy commit at Mon Aug 11 16:47:35 UTC 2025
Dummy commit at Tue Aug 12 16:46:19 UTC 2025
Dummy commit at Wed Aug 13 16:41:28 UTC 2025
Dummy commit at Thu Aug 14 16:45:50 UTC 2025
Dummy commit at Fri Aug 15 16:44:44 UTC 2025
Dummy commit at Sat Aug 16 16:41:41 UTC 2025
Dummy commit at Sun Aug 17 16:42:34 UTC 2025
Dummy commit at Mon Aug 18 16:46:29 UTC 2025
Dummy commit at Tue Aug 19 16:43:21 UTC 2025
Dummy commit at Wed Aug 20 16:42:40 UTC 2025
Dummy commit at Thu Aug 21 16:48:28 UTC 2025
Dummy commit at Fri Aug 22 16:42:12 UTC 2025
Dummy commit at Sat Aug 23 16:38:15 UTC 2025
Dummy commit at Sun Aug 24 16:40:10 UTC 2025
Dummy commit at Mon Aug 25 16:43:42 UTC 2025
Dummy commit at Tue Aug 26 16:42:38 UTC 2025
Dummy commit at Wed Aug 27 16:42:34 UTC 2025
Dummy commit at Thu Aug 28 16:42:14 UTC 2025
Dummy commit at Fri Aug 29 16:42:10 UTC 2025
Dummy commit at Sat Aug 30 16:38:31 UTC 2025
Dummy commit at Sun Aug 31 16:38:03 UTC 2025
Dummy commit at Mon Sep  1 16:40:53 UTC 2025
Dummy commit at Tue Sep  2 16:42:44 UTC 2025
Dummy commit at Wed Sep  3 16:41:31 UTC 2025
Dummy commit at Thu Sep  4 16:41:33 UTC 2025
Dummy commit at Fri Sep  5 16:37:48 UTC 2025
Dummy commit at Sat Sep  6 16:35:33 UTC 2025
Dummy commit at Sun Sep  7 16:35:27 UTC 2025
Dummy commit at Mon Sep  8 16:41:45 UTC 2025
Dummy commit at Tue Sep  9 16:42:11 UTC 2025
Dummy commit at Wed Sep 10 16:42:01 UTC 2025
Dummy commit at Thu Sep 11 16:38:22 UTC 2025
Dummy commit at Fri Sep 12 16:36:21 UTC 2025
Dummy commit at Sat Sep 13 16:34:38 UTC 2025
Dummy commit at Sun Sep 14 16:34:24 UTC 2025
Dummy commit at Mon Sep 15 16:41:53 UTC 2025
Dummy commit at Tue Sep 16 16:41:33 UTC 2025
Dummy commit at Wed Sep 17 16:41:26 UTC 2025
Dummy commit at Thu Sep 18 16:41:02 UTC 2025
Dummy commit at Fri Sep 19 16:40:42 UTC 2025
Dummy commit at Sat Sep 20 16:35:18 UTC 2025
Dummy commit at Sun Sep 21 16:36:41 UTC 2025
Dummy commit at Mon Sep 22 16:41:36 UTC 2025
Dummy commit at Tue Sep 23 16:41:55 UTC 2025
Dummy commit at Wed Sep 24 16:42:50 UTC 2025
Dummy commit at Thu Sep 25 16:42:23 UTC 2025
Dummy commit at Fri Sep 26 16:41:25 UTC 2025
Dummy commit at Sat Sep 27 16:36:39 UTC 2025
Dummy commit at Sun Sep 28 16:35:32 UTC 2025
Dummy commit at Mon Sep 29 16:34:19 UTC 2025
Dummy commit at Tue Sep 30 16:42:09 UTC 2025
Dummy commit at Wed Oct  1 16:41:48 UTC 2025
Dummy commit at Thu Oct  2 16:41:29 UTC 2025
Dummy commit at Fri Oct  3 16:40:36 UTC 2025
Dummy commit at Sat Oct  4 16:37:22 UTC 2025
Dummy commit at Sun Oct  5 16:36:22 UTC 2025
Dummy commit at Mon Oct  6 16:41:58 UTC 2025
Dummy commit at Tue Oct  7 16:42:02 UTC 2025
Dummy commit at Wed Oct  8 16:42:10 UTC 2025
Dummy commit at Thu Oct  9 16:44:26 UTC 2025
Dummy commit at Fri Oct 10 16:41:28 UTC 2025
Dummy commit at Sat Oct 11 16:35:48 UTC 2025
Dummy commit at Sun Oct 12 16:36:56 UTC 2025
Dummy commit at Mon Oct 13 16:42:29 UTC 2025
Dummy commit at Tue Oct 14 16:42:47 UTC 2025
Dummy commit at Wed Oct 15 16:40:34 UTC 2025
Dummy commit at Thu Oct 16 16:42:51 UTC 2025
Dummy commit at Fri Oct 17 16:41:24 UTC 2025
Dummy commit at Sat Oct 18 16:37:29 UTC 2025
Dummy commit at Sun Oct 19 16:38:13 UTC 2025
Dummy commit at Mon Oct 20 16:43:13 UTC 2025
Dummy commit at Tue Oct 21 16:42:11 UTC 2025
Dummy commit at Wed Oct 22 16:44:58 UTC 2025
Dummy commit at Thu Oct 23 16:42:50 UTC 2025
Dummy commit at Fri Oct 24 16:42:52 UTC 2025
Dummy commit at Sat Oct 25 16:38:14 UTC 2025
Dummy commit at Sun Oct 26 16:39:31 UTC 2025
Dummy commit at Mon Oct 27 16:44:57 UTC 2025
Dummy commit at Tue Oct 28 16:45:52 UTC 2025
Dummy commit at Wed Oct 29 16:45:58 UTC 2025
Dummy commit at Thu Oct 30 16:44:31 UTC 2025
Dummy commit at Fri Oct 31 16:44:12 UTC 2025
Dummy commit at Sat Nov  1 16:37:14 UTC 2025
Dummy commit at Sun Nov  2 16:38:21 UTC 2025
Dummy commit at Mon Nov  3 16:43:34 UTC 2025
Dummy commit at Tue Nov  4 16:44:12 UTC 2025
Dummy commit at Wed Nov  5 16:45:36 UTC 2025
Dummy commit at Thu Nov  6 16:46:45 UTC 2025
Dummy commit at Fri Nov  7 16:41:50 UTC 2025
Dummy commit at Sat Nov  8 16:39:23 UTC 2025
Dummy commit at Sun Nov  9 16:39:08 UTC 2025
Dummy commit at Mon Nov 10 16:46:05 UTC 2025
Dummy commit at Tue Nov 11 16:44:54 UTC 2025
Dummy commit at Wed Nov 12 16:46:32 UTC 2025
Dummy commit at Thu Nov 13 16:44:10 UTC 2025
Dummy commit at Fri Nov 14 16:45:29 UTC 2025
Dummy commit at Sat Nov 15 16:38:53 UTC 2025
Dummy commit at Sun Nov 16 16:39:56 UTC 2025
Dummy commit at Mon Nov 17 16:46:26 UTC 2025
Dummy commit at Tue Nov 18 16:47:16 UTC 2025
Dummy commit at Wed Nov 19 16:46:02 UTC 2025
Dummy commit at Thu Nov 20 16:46:21 UTC 2025
Dummy commit at Fri Nov 21 16:41:14 UTC 2025
Dummy commit at Sat Nov 22 16:40:18 UTC 2025
Dummy commit at Sun Nov 23 16:40:28 UTC 2025
Dummy commit at Mon Nov 24 16:40:43 UTC 2025
Dummy commit at Tue Nov 25 16:47:31 UTC 2025
Dummy commit at Wed Nov 26 16:46:14 UTC 2025
Dummy commit at Thu Nov 27 16:43:56 UTC 2025
Dummy commit at Fri Nov 28 16:43:15 UTC 2025
Dummy commit at Sat Nov 29 16:41:43 UTC 2025
Dummy commit at Sun Nov 30 16:41:56 UTC 2025
Dummy commit at Mon Dec  1 16:48:25 UTC 2025
Dummy commit at Tue Dec  2 16:49:10 UTC 2025
Dummy commit at Wed Dec  3 16:49:03 UTC 2025
Dummy commit at Thu Dec  4 16:49:10 UTC 2025
Dummy commit at Fri Dec  5 16:46:04 UTC 2025
Dummy commit at Sat Dec  6 16:41:03 UTC 2025
Dummy commit at Sun Dec  7 16:40:32 UTC 2025
Dummy commit at Mon Dec  8 16:47:41 UTC 2025
Dummy commit at Tue Dec  9 16:46:51 UTC 2025
Dummy commit at Wed Dec 10 16:47:15 UTC 2025
Dummy commit at Thu Dec 11 16:51:40 UTC 2025
Dummy commit at Fri Dec 12 16:44:26 UTC 2025
Dummy commit at Sat Dec 13 16:42:35 UTC 2025
Dummy commit at Sun Dec 14 16:42:48 UTC 2025
Dummy commit at Mon Dec 15 16:52:11 UTC 2025
Dummy commit at Tue Dec 16 16:49:56 UTC 2025
Dummy commit at Wed Dec 17 16:49:35 UTC 2025
Dummy commit at Thu Dec 18 16:49:40 UTC 2025
Dummy commit at Fri Dec 19 16:46:35 UTC 2025
Dummy commit at Sat Dec 20 16:41:38 UTC 2025
Dummy commit at Sun Dec 21 16:42:40 UTC 2025
Dummy commit at Mon Dec 22 16:46:13 UTC 2025
Dummy commit at Tue Dec 23 16:47:13 UTC 2025
Dummy commit at Wed Dec 24 16:44:22 UTC 2025
Dummy commit at Thu Dec 25 16:45:13 UTC 2025
Dummy commit at Fri Dec 26 16:43:14 UTC 2025
Dummy commit at Sat Dec 27 16:42:57 UTC 2025
Dummy commit at Sun Dec 28 16:44:19 UTC 2025
Dummy commit at Mon Dec 29 16:45:34 UTC 2025
Dummy commit at Tue Dec 30 16:46:38 UTC 2025
Dummy commit at Wed Dec 31 16:45:24 UTC 2025
Dummy commit at Thu Jan  1 16:46:11 UTC 2026
Dummy commit at Fri Jan  2 16:45:25 UTC 2026
Dummy commit at Sat Jan  3 16:44:15 UTC 2026
Dummy commit at Sun Jan  4 16:43:38 UTC 2026
Dummy commit at Mon Jan  5 16:46:49 UTC 2026
Dummy commit at Tue Jan  6 16:50:31 UTC 2026
Dummy commit at Wed Jan  7 16:51:39 UTC 2026
Dummy commit at Thu Jan  8 16:51:34 UTC 2026
Dummy commit at Fri Jan  9 16:49:01 UTC 2026
Dummy commit at Sat Jan 10 16:43:43 UTC 2026
Dummy commit at Sun Jan 11 16:43:40 UTC 2026
Dummy commit at Mon Jan 12 16:48:47 UTC 2026
Dummy commit at Tue Jan 13 16:53:23 UTC 2026
Dummy commit at Wed Jan 14 16:52:46 UTC 2026
Dummy commit at Thu Jan 15 16:57:50 UTC 2026
Dummy commit at Fri Jan 16 16:49:49 UTC 2026
Dummy commit at Sat Jan 17 16:42:10 UTC 2026
Dummy commit at Sun Jan 18 16:43:53 UTC 2026
Dummy commit at Mon Jan 19 16:51:29 UTC 2026
Dummy commit at Tue Jan 20 16:54:21 UTC 2026
Dummy commit at Wed Jan 21 17:30:37 UTC 2026
Dummy commit at Thu Jan 22 16:55:33 UTC 2026
Dummy commit at Fri Jan 23 16:52:13 UTC 2026
Dummy commit at Sat Jan 24 16:44:39 UTC 2026
Dummy commit at Sun Jan 25 16:45:04 UTC 2026
Dummy commit at Mon Jan 26 16:56:02 UTC 2026
Dummy commit at Tue Jan 27 16:52:29 UTC 2026
Dummy commit at Wed Jan 28 17:01:13 UTC 2026
Dummy commit at Thu Jan 29 17:01:23 UTC 2026
